,Type (Per kWh),Climate change fossil (kg CO2-Eq),Climate change total (kg CO2-Eq) 
0,CSP,0.03175,0.03185
1,Hard coal,0.9406666666666667,0.9406666666666667
2,Hydro,0.07884999999999999,0.07884999999999999
3,Natural gas,0.434,0.434
4,Nuclear,0.00524,0.00529
5,PV,0.02075,0.020983333333333336
6,Wind,0.0124,0.0124
